model,n,positive_rate,threshold,accuracy,balanced_accuracy,precision,recall,f1,roc_auc,average_precision,log_loss,brier_score,tn,fp,fn,tp
logistic_regression,1500,0.15,0.1,0.554,0.7284967320261437,0.248868778280543,0.9777777777777777,0.39675383228133454,0.9010579520697168,0.6548573081248417,0.394057721771517,0.12978688037836733,611,664,5,220
logistic_regression,1500,0.15,0.11,0.5766666666666667,0.7418300653594772,0.25882352941176473,0.9777777777777777,0.40930232558139534,0.9010579520697168,0.6548573081248417,0.394057721771517,0.12978688037836733,645,630,5,220
logistic_regression,1500,0.15,0.12000000000000001,0.588,0.7484967320261438,0.26410564225690275,0.9777777777777777,0.4158790170132325,0.9010579520697168,0.6548573081248417,0.394057721771517,0.12978688037836733,662,613,5,220
logistic_regression,1500,0.15,0.13,0.6013333333333334,0.7563398692810457,0.27060270602706027,0.9777777777777777,0.4238921001926782,0.9010579520697168,0.6548573081248417,0.394057721771517,0.12978688037836733,682,593,5,220
logistic_regression,1500,0.15,0.14,0.61,0.7596078431372549,0.2744360902255639,0.9733333333333334,0.4281524926686217,0.9010579520697168,0.6548573081248417,0.394057721771517,0.12978688037836733,696,579,6,219
logistic_regression,1500,0.15,0.15000000000000002,0.6253333333333333,0.766797385620915,0.2820181112548512,0.9688888888888889,0.43687374749499,0.9010579520697168,0.6548573081248417,0.394057721771517,0.12978688037836733,720,555,7,218
logistic_regression,1500,0.15,0.16,0.6373333333333333,0.7738562091503268,0.28874172185430463,0.9688888888888889,0.4448979591836735,0.9010579520697168,0.6548573081248417,0.394057721771517,0.12978688037836733,738,537,7,218
logistic_regression,1500,0.15,0.17,0.6426666666666667,0.7769934640522875,0.2918340026773762,0.9688888888888889,0.448559670781893,0.9010579520697168,0.6548573081248417,0.394057721771517,0.12978688037836733,746,529,7,218
logistic_regression,1500,0.15,0.18,0.6473333333333333,0.7797385620915033,0.2945945945945946,0.9688888888888889,0.45181347150259066,0.9010579520697168,0.6548573081248417,0.394057721771517,0.12978688037836733,753,522,7,218
logistic_regression,1500,0.15,0.19,0.6506666666666666,0.7780392156862745,0.2954856361149111,0.96,0.45188284518828453,0.9010579520697168,0.6548573081248417,0.394057721771517,0.12978688037836733,760,515,9,216
logistic_regression,1500,0.15,0.2,0.666,0.7870588235294118,0.3050847457627119,0.96,0.4630225080385852,0.9010579520697168,0.6548573081248417,0.394057721771517,0.12978688037836733,783,492,9,216
logistic_regression,1500,0.15,0.21000000000000002,0.6706666666666666,0.7898039215686274,0.30813124108416545,0.96,0.46652267818574517,0.9010579520697168,0.6548573081248417,0.394057721771517,0.12978688037836733,790,485,9,216
logistic_regression,1500,0.15,0.22,0.676,0.7911111111111111,0.3111432706222865,0.9555555555555556,0.46943231441048033,0.9010579520697168,0.6548573081248417,0.394057721771517,0.12978688037836733,799,476,10,215
logistic_regression,1500,0.15,0.23,0.682,0.794640522875817,0.3152492668621701,0.9555555555555556,0.474090407938258,0.9010579520697168,0.6548573081248417,0.394057721771517,0.12978688037836733,808,467,10,215
logistic_regression,1500,0.15,0.24000000000000002,0.6886666666666666,0.7967320261437909,0.3194029850746269,0.9511111111111111,0.4782122905027933,0.9010579520697168,0.6548573081248417,0.394057721771517,0.12978688037836733,819,456,11,214
logistic_regression,1500,0.15,0.25,0.694,0.7943790849673202,0.32164634146341464,0.9377777777777778,0.4790011350737798,0.9010579520697168,0.6548573081248417,0.394057721771517,0.12978688037836733,830,445,14,211
logistic_regression,1500,0.15,0.26,0.7006666666666667,0.7983006535947712,0.326625386996904,0.9377777777777778,0.4845005740528129,0.9010579520697168,0.6548573081248417,0.394057721771517,0.12978688037836733,840,435,14,211
logistic_regression,1500,0.15,0.27,0.7073333333333334,0.798562091503268,0.33069620253164556,0.9288888888888889,0.48774795799299886,0.9010579520697168,0.6548573081248417,0.394057721771517,0.12978688037836733,852,423,16,209
logistic_regression,1500,0.15,0.28,0.7113333333333334,0.7935947712418301,0.33171521035598706,0.9111111111111111,0.4863582443653618,0.9010579520697168,0.6548573081248417,0.394057721771517,0.12978688037836733,862,413,20,205
logistic_regression,1500,0.15,0.29000000000000004,0.7166666666666667,0.7949019607843137,0.3355263157894737,0.9066666666666666,0.4897959183673469,0.9010579520697168,0.6548573081248417,0.394057721771517,0.12978688037836733,871,404,21,204
logistic_regression,1500,0.15,0.30000000000000004,0.72,0.7968627450980392,0.3383084577114428,0.9066666666666666,0.4927536231884058,0.9010579520697168,0.6548573081248417,0.394057721771517,0.12978688037836733,876,399,21,204
logistic_regression,1500,0.15,0.31,0.7266666666666667,0.798954248366013,0.34348561759729274,0.9022222222222223,0.49754901960784315,0.9010579520697168,0.6548573081248417,0.394057721771517,0.12978688037836733,887,388,22,203
logistic_regression,1500,0.15,0.32,0.7353333333333333,0.8040522875816993,0.35121107266435986,0.9022222222222223,0.5056039850560399,0.9010579520697168,0.6548573081248417,0.394057721771517,0.12978688037836733,900,375,22,203
logistic_regression,1500,0.15,0.33,0.7393333333333333,0.8045751633986928,0.3543859649122807,0.8977777777777778,0.5081761006289308,0.9010579520697168,0.6548573081248417,0.394057721771517,0.12978688037836733,907,368,23,202
logistic_regression,1500,0.15,0.33999999999999997,0.7413333333333333,0.803921568627451,0.35575221238938054,0.8933333333333333,0.5088607594936709,0.9010579520697168,0.6548573081248417,0.394057721771517,0.12978688037836733,911,364,24,201
logistic_regression,1500,0.15,0.35,0.744,0.8036601307189541,0.35778175313059035,0.8888888888888888,0.5102040816326531,0.9010579520697168,0.6548573081248417,0.394057721771517,0.12978688037836733,916,359,25,200
logistic_regression,1500,0.15,0.36,0.7506666666666667,0.8057516339869282,0.36380255941499084,0.8844444444444445,0.5155440414507773,0.9010579520697168,0.6548573081248417,0.394057721771517,0.12978688037836733,927,348,26,199
logistic_regression,1500,0.15,0.37,0.7513333333333333,0.8043137254901961,0.3639705882352941,0.88,0.5149544863459038,0.9010579520697168,0.6548573081248417,0.394057721771517,0.12978688037836733,929,346,27,198
logistic_regression,1500,0.15,0.38,0.7586666666666667,0.8086274509803921,0.3714821763602251,0.88,0.5224274406332454,0.9010579520697168,0.6548573081248417,0.394057721771517,0.12978688037836733,940,335,27,198
logistic_regression,1500,0.15,0.39,0.7626666666666667,0.8109803921568628,0.3757115749525617,0.88,0.526595744680851,0.9010579520697168,0.6548573081248417,0.394057721771517,0.12978688037836733,946,329,27,198
logistic_regression,1500,0.15,0.4,0.77,0.8152941176470588,0.38372093023255816,0.88,0.5344129554655871,0.9010579520697168,0.6548573081248417,0.394057721771517,0.12978688037836733,957,318,27,198
logistic_regression,1500,0.15,0.41000000000000003,0.7766666666666666,0.8173856209150326,0.39087301587301587,0.8755555555555555,0.5404663923182441,0.9010579520697168,0.6548573081248417,0.394057721771517,0.12978688037836733,968,307,28,197
logistic_regression,1500,0.15,0.42000000000000004,0.7786666666666666,0.8149019607843138,0.39235412474849096,0.8666666666666667,0.5401662049861495,0.9010579520697168,0.6548573081248417,0.394057721771517,0.12978688037836733,973,302,30,195
logistic_regression,1500,0.15,0.43000000000000005,0.7873333333333333,0.8181699346405229,0.4024896265560166,0.8622222222222222,0.5487977369165488,0.9010579520697168,0.6548573081248417,0.394057721771517,0.12978688037836733,987,288,31,194
logistic_regression,1500,0.15,0.44000000000000006,0.7913333333333333,0.8205228758169935,0.40756302521008403,0.8622222222222222,0.5534950071326676,0.9010579520697168,0.6548573081248417,0.394057721771517,0.12978688037836733,993,282,31,194
logistic_regression,1500,0.15,0.45000000000000007,0.7926666666666666,0.8194771241830066,0.4088983050847458,0.8577777777777778,0.5538020086083214,0.9010579520697168,0.6548573081248417,0.394057721771517,0.12978688037836733,996,279,32,193
logistic_regression,1500,0.15,0.45999999999999996,0.7966666666666666,0.8200000000000001,0.41379310344827586,0.8533333333333334,0.5573294629898403,0.9010579520697168,0.6548573081248417,0.394057721771517,0.12978688037836733,1003,272,33,192
logistic_regression,1500,0.15,0.47,0.7986666666666666,0.8193464052287582,0.41612200435729846,0.8488888888888889,0.5584795321637427,0.9010579520697168,0.6548573081248417,0.394057721771517,0.12978688037836733,1007,268,34,191
logistic_regression,1500,0.15,0.48,0.802,0.8194771241830066,0.42035398230088494,0.8444444444444444,0.5612998522895125,0.9010579520697168,0.6548573081248417,0.394057721771517,0.12978688037836733,1013,262,35,190
logistic_regression,1500,0.15,0.49,0.8053333333333333,0.8196078431372549,0.4247191011235955,0.84,0.564179104477612,0.9010579520697168,0.6548573081248417,0.394057721771517,0.12978688037836733,1019,256,36,189
logistic_regression,1500,0.15,0.5,0.8073333333333333,0.818954248366013,0.42727272727272725,0.8355555555555556,0.5654135338345865,0.9010579520697168,0.6548573081248417,0.394057721771517,0.12978688037836733,1023,252,37,188
logistic_regression,1500,0.15,0.51,0.812,0.8216993464052288,0.4341801385681293,0.8355555555555556,0.5714285714285714,0.9010579520697168,0.6548573081248417,0.394057721771517,0.12978688037836733,1030,245,37,188
logistic_regression,1500,0.15,0.52,0.8173333333333334,0.8248366013071895,0.4423529411764706,0.8355555555555556,0.5784615384615385,0.9010579520697168,0.6548573081248417,0.394057721771517,0.12978688037836733,1038,237,37,188
logistic_regression,1500,0.15,0.53,0.822,0.8257516339869282,0.4495192307692308,0.8311111111111111,0.5834633385335414,0.9010579520697168,0.6548573081248417,0.394057721771517,0.12978688037836733,1046,229,38,187
logistic_regression,1500,0.15,0.54,0.8246666666666667,0.8200000000000001,0.452970297029703,0.8133333333333334,0.5818759936406995,0.9010579520697168,0.6548573081248417,0.394057721771517,0.12978688037836733,1054,221,42,183
logistic_regression,1500,0.15,0.55,0.8293333333333334,0.8135947712418301,0.4599483204134367,0.7911111111111111,0.5816993464052288,0.9010579520697168,0.6548573081248417,0.394057721771517,0.12978688037836733,1066,209,47,178
logistic_regression,1500,0.15,0.56,0.8313333333333334,0.809281045751634,0.46296296296296297,0.7777777777777778,0.5804311774461028,0.9010579520697168,0.6548573081248417,0.394057721771517,0.12978688037836733,1072,203,50,175
logistic_regression,1500,0.15,0.5700000000000001,0.832,0.8060130718954248,0.46380697050938335,0.7688888888888888,0.5785953177257525,0.9010579520697168,0.6548573081248417,0.394057721771517,0.12978688037836733,1075,200,52,173
logistic_regression,1500,0.15,0.58,0.836,0.8065359477124183,0.4712328767123288,0.7644444444444445,0.5830508474576271,0.9010579520697168,0.6548573081248417,0.394057721771517,0.12978688037836733,1082,193,53,172
logistic_regression,1500,0.15,0.59,0.8373333333333334,0.8054901960784313,0.47368421052631576,0.76,0.5836177474402731,0.9010579520697168,0.6548573081248417,0.394057721771517,0.12978688037836733,1085,190,54,171
logistic_regression,1500,0.15,0.6,0.8433333333333334,0.8071895424836601,0.4857142857142857,0.7555555555555555,0.591304347826087,0.9010579520697168,0.6548573081248417,0.394057721771517,0.12978688037836733,1095,180,55,170
logistic_regression,1500,0.15,0.61,0.8466666666666667,0.8091503267973856,0.4927536231884058,0.7555555555555555,0.5964912280701754,0.9010579520697168,0.6548573081248417,0.394057721771517,0.12978688037836733,1100,175,55,170
logistic_regression,1500,0.15,0.62,0.8513333333333334,0.8118954248366013,0.5029585798816568,0.7555555555555555,0.6039076376554174,0.9010579520697168,0.6548573081248417,0.394057721771517,0.12978688037836733,1107,168,55,170
logistic_regression,1500,0.15,0.63,0.854,0.8116339869281046,0.5090361445783133,0.7511111111111111,0.6068222621184919,0.9010579520697168,0.6548573081248417,0.394057721771517,0.12978688037836733,1112,163,56,169
logistic_regression,1500,0.15,0.64,0.8553333333333333,0.8105882352941176,0.5121951219512195,0.7466666666666667,0.6075949367088608,0.9010579520697168,0.6548573081248417,0.394057721771517,0.12978688037836733,1115,160,57,168
logistic_regression,1500,0.15,0.65,0.8553333333333333,0.8087581699346404,0.5122699386503068,0.7422222222222222,0.6061705989110708,0.9010579520697168,0.6548573081248417,0.394057721771517,0.12978688037836733,1116,159,58,167
logistic_regression,1500,0.15,0.66,0.8566666666666667,0.8077124183006537,0.515527950310559,0.7377777777777778,0.6069469835466179,0.9010579520697168,0.6548573081248417,0.394057721771517,0.12978688037836733,1119,156,59,166
logistic_regression,1500,0.15,0.67,0.8606666666666667,0.8027450980392157,0.525974025974026,0.72,0.6078799249530957,0.9010579520697168,0.6548573081248417,0.394057721771517,0.12978688037836733,1129,146,63,162
logistic_regression,1500,0.15,0.6799999999999999,0.8633333333333333,0.8024836601307189,0.5331125827814569,0.7155555555555555,0.6110056925996205,0.9010579520697168,0.6548573081248417,0.394057721771517,0.12978688037836733,1134,141,64,161
logistic_regression,1500,0.15,0.69,0.8633333333333333,0.7969934640522875,0.5337837837837838,0.7022222222222222,0.6065259117082533,0.9010579520697168,0.6548573081248417,0.394057721771517,0.12978688037836733,1137,138,67,158
logistic_regression,1500,0.15,0.7,0.864,0.7918954248366012,0.5363321799307958,0.6888888888888889,0.603112840466926,0.9010579520697168,0.6548573081248417,0.394057721771517,0.12978688037836733,1141,134,70,155
logistic_regression,1500,0.15,0.71,0.8653333333333333,0.7908496732026143,0.5403508771929825,0.6844444444444444,0.6039215686274509,0.9010579520697168,0.6548573081248417,0.394057721771517,0.12978688037836733,1144,131,71,154
logistic_regression,1500,0.15,0.72,0.8666666666666667,0.7843137254901961,0.5454545454545454,0.6666666666666666,0.6,0.9010579520697168,0.6548573081248417,0.394057721771517,0.12978688037836733,1150,125,75,150
logistic_regression,1500,0.15,0.73,0.868,0.7777777777777777,0.5509433962264151,0.6488888888888888,0.5959183673469388,0.9010579520697168,0.6548573081248417,0.394057721771517,0.12978688037836733,1156,119,79,146
logistic_regression,1500,0.15,0.74,0.872,0.7783006535947712,0.5642023346303502,0.6444444444444445,0.6016597510373444,0.9010579520697168,0.6548573081248417,0.394057721771517,0.12978688037836733,1163,112,80,145
logistic_regression,1500,0.15,0.75,0.87,0.7679738562091503,0.56,0.6222222222222222,0.5894736842105263,0.9010579520697168,0.6548573081248417,0.394057721771517,0.12978688037836733,1165,110,85,140
logistic_regression,1500,0.15,0.76,0.874,0.7703267973856209,0.5737704918032787,0.6222222222222222,0.5970149253731343,0.9010579520697168,0.6548573081248417,0.394057721771517,0.12978688037836733,1171,104,85,140
logistic_regression,1500,0.15,0.77,0.878,0.7690196078431373,0.5897435897435898,0.6133333333333333,0.6013071895424836,0.9010579520697168,0.6548573081248417,0.394057721771517,0.12978688037836733,1179,96,87,138
logistic_regression,1500,0.15,0.78,0.8773333333333333,0.764967320261438,0.5887445887445888,0.6044444444444445,0.5964912280701754,0.9010579520697168,0.6548573081248417,0.394057721771517,0.12978688037836733,1180,95,89,136
logistic_regression,1500,0.15,0.79,0.8746666666666667,0.7542483660130719,0.5822222222222222,0.5822222222222222,0.5822222222222222,0.9010579520697168,0.6548573081248417,0.394057721771517,0.12978688037836733,1181,94,94,131
logistic_regression,1500,0.15,0.8,0.878,0.7488888888888889,0.5990566037735849,0.5644444444444444,0.5812356979405034,0.9010579520697168,0.6548573081248417,0.394057721771517,0.12978688037836733,1190,85,98,127
logistic_regression,1500,0.15,0.8099999999999999,0.88,0.74640522875817,0.6097560975609756,0.5555555555555556,0.5813953488372093,0.9010579520697168,0.6548573081248417,0.394057721771517,0.12978688037836733,1195,80,100,125
logistic_regression,1500,0.15,0.82,0.8806666666666667,0.7376470588235294,0.6185567010309279,0.5333333333333333,0.5727923627684964,0.9010579520697168,0.6548573081248417,0.394057721771517,0.12978688037836733,1201,74,105,120
logistic_regression,1500,0.15,0.83,0.8813333333333333,0.7307189542483661,0.6270270270270271,0.5155555555555555,0.5658536585365853,0.9010579520697168,0.6548573081248417,0.394057721771517,0.12978688037836733,1206,69,109,116
logistic_regression,1500,0.15,0.84,0.8853333333333333,0.7330718954248365,0.6480446927374302,0.5155555555555555,0.5742574257425742,0.9010579520697168,0.6548573081248417,0.394057721771517,0.12978688037836733,1212,63,109,116
logistic_regression,1500,0.15,0.85,0.886,0.7206535947712418,0.6646341463414634,0.48444444444444446,0.5604113110539846,0.9010579520697168,0.6548573081248417,0.394057721771517,0.12978688037836733,1220,55,116,109
logistic_regression,1500,0.15,0.86,0.8886666666666667,0.7130718954248365,0.6933333333333334,0.4622222222222222,0.5546666666666666,0.9010579520697168,0.6548573081248417,0.394057721771517,0.12978688037836733,1229,46,121,104
logistic_regression,1500,0.15,0.87,0.8913333333333333,0.7091503267973855,0.7214285714285714,0.4488888888888889,0.5534246575342465,0.9010579520697168,0.6548573081248417,0.394057721771517,0.12978688037836733,1236,39,124,101
logistic_regression,1500,0.15,0.88,0.892,0.7003921568627451,0.7441860465116279,0.4266666666666667,0.5423728813559322,0.9010579520697168,0.6548573081248417,0.394057721771517,0.12978688037836733,1242,33,129,96
logistic_regression,1500,0.15,0.89,0.8913333333333333,0.6890196078431372,0.7627118644067796,0.4,0.5247813411078717,0.9010579520697168,0.6548573081248417,0.394057721771517,0.12978688037836733,1247,28,135,90
logistic_regression,1500,0.15,0.9,0.8926666666666667,0.6843137254901961,0.7909090909090909,0.38666666666666666,0.5194029850746269,0.9010579520697168,0.6548573081248417,0.394057721771517,0.12978688037836733,1252,23,138,87
random_forest,1500,0.15,0.1,0.7093333333333334,0.7979084967320261,0.3317384370015949,0.9244444444444444,0.48826291079812206,0.9076252723311548,0.6433719569229264,0.2586739294370796,0.08017034035965141,856,419,17,208
random_forest,1500,0.15,0.11,0.722,0.7998692810457516,0.34053156146179403,0.9111111111111111,0.4957678355501814,0.9076252723311548,0.6433719569229264,0.2586739294370796,0.08017034035965141,878,397,20,205
random_forest,1500,0.15,0.12000000000000001,0.736,0.8062745098039216,0.35233160621761656,0.9066666666666666,0.5074626865671642,0.9076252723311548,0.6433719569229264,0.2586739294370796,0.08017034035965141,900,375,21,204
random_forest,1500,0.15,0.13,0.748,0.8133333333333332,0.36363636363636365,0.9066666666666666,0.5190839694656488,0.9076252723311548,0.6433719569229264,0.2586739294370796,0.08017034035965141,918,357,21,204
random_forest,1500,0.15,0.14,0.762,0.8215686274509804,0.37777777777777777,0.9066666666666666,0.5333333333333333,0.9076252723311548,0.6433719569229264,0.2586739294370796,0.08017034035965141,939,336,21,204
random_forest,1500,0.15,0.15000000000000002,0.772,0.8219607843137255,0.3872832369942196,0.8933333333333333,0.5403225806451613,0.9076252723311548,0.6433719569229264,0.2586739294370796,0.08017034035965141,957,318,24,201
random_forest,1500,0.15,0.16,0.782,0.8223529411764705,0.39759036144578314,0.88,0.5477178423236515,0.9076252723311548,0.6433719569229264,0.2586739294370796,0.08017034035965141,975,300,27,198
random_forest,1500,0.15,0.17,0.7946666666666666,0.8298039215686275,0.4133611691022965,0.88,0.5625,0.9076252723311548,0.6433719569229264,0.2586739294370796,0.08017034035965141,994,281,27,198
random_forest,1500,0.15,0.18,0.8026666666666666,0.8271895424836602,0.4226579520697168,0.8622222222222222,0.5672514619883041,0.9076252723311548,0.6433719569229264,0.2586739294370796,0.08017034035965141,1010,265,31,194
random_forest,1500,0.15,0.19,0.8133333333333334,0.8279738562091503,0.43707093821510296,0.8488888888888889,0.5770392749244713,0.9076252723311548,0.6433719569229264,0.2586739294370796,0.08017034035965141,1029,246,34,191
random_forest,1500,0.15,0.2,0.8206666666666667,0.8304575163398693,0.4481132075471698,0.8444444444444444,0.5855161787365177,0.9076252723311548,0.6433719569229264,0.2586739294370796,0.08017034035965141,1041,234,35,190
random_forest,1500,0.15,0.21000000000000002,0.8273333333333334,0.8270588235294117,0.458128078817734,0.8266666666666667,0.589540412044374,0.9076252723311548,0.6433719569229264,0.2586739294370796,0.08017034035965141,1055,220,39,186
random_forest,1500,0.15,0.22,0.8353333333333334,0.831764705882353,0.4720812182741117,0.8266666666666667,0.6009693053311793,0.9076252723311548,0.6433719569229264,0.2586739294370796,0.08017034035965141,1067,208,39,186
random_forest,1500,0.15,0.23,0.838,0.8315032679738562,0.47680412371134023,0.8222222222222222,0.6035889070146819,0.9076252723311548,0.6433719569229264,0.2586739294370796,0.08017034035965141,1072,203,40,185
random_forest,1500,0.15,0.24000000000000002,0.8413333333333334,0.8316339869281046,0.48293963254593175,0.8177777777777778,0.6072607260726073,0.9076252723311548,0.6433719569229264,0.2586739294370796,0.08017034035965141,1078,197,41,184
random_forest,1500,0.15,0.25,0.8433333333333334,0.8236601307189543,0.48641304347826086,0.7955555555555556,0.6037099494097807,0.9076252723311548,0.6433719569229264,0.2586739294370796,0.08017034035965141,1086,189,46,179
random_forest,1500,0.15,0.26,0.8466666666666667,0.8237908496732026,0.4930747922437673,0.7911111111111111,0.6075085324232082,0.9076252723311548,0.6433719569229264,0.2586739294370796,0.08017034035965141,1092,183,47,178
random_forest,1500,0.15,0.27,0.854,0.8244444444444445,0.5086705202312138,0.7822222222222223,0.6164623467600701,0.9076252723311548,0.6433719569229264,0.2586739294370796,0.08017034035965141,1105,170,49,176
random_forest,1500,0.15,0.28,0.8593333333333333,0.8275816993464052,0.5207100591715976,0.7822222222222223,0.6252220248667851,0.9076252723311548,0.6433719569229264,0.2586739294370796,0.08017034035965141,1113,162,49,176
random_forest,1500,0.15,0.29000000000000004,0.8646666666666667,0.8270588235294117,0.5337423312883436,0.7733333333333333,0.631578947368421,0.9076252723311548,0.6433719569229264,0.2586739294370796,0.08017034035965141,1123,152,51,174
random_forest,1500,0.15,0.30000000000000004,0.8653333333333333,0.8237908496732027,0.5358255451713395,0.7644444444444445,0.63003663003663,0.9076252723311548,0.6433719569229264,0.2586739294370796,0.08017034035965141,1126,149,53,172
random_forest,1500,0.15,0.31,0.866,0.8205228758169935,0.5379746835443038,0.7555555555555555,0.6284658040665434,0.9076252723311548,0.6433719569229264,0.2586739294370796,0.08017034035965141,1129,146,55,170
random_forest,1500,0.15,0.32,0.868,0.8180392156862746,0.5436893203883495,0.7466666666666667,0.6292134831460674,0.9076252723311548,0.6433719569229264,0.2586739294370796,0.08017034035965141,1134,141,57,168
random_forest,1500,0.15,0.33,0.8706666666666667,0.8159477124183007,0.5514950166112956,0.7377777777777778,0.6311787072243346,0.9076252723311548,0.6433719569229264,0.2586739294370796,0.08017034035965141,1140,135,59,166
random_forest,1500,0.15,0.33999999999999997,0.8726666666666667,0.8079738562091503,0.5590277777777778,0.7155555555555555,0.6276803118908382,0.9076252723311548,0.6433719569229264,0.2586739294370796,0.08017034035965141,1148,127,64,161
random_forest,1500,0.15,0.35,0.872,0.8020915032679738,0.558303886925795,0.7022222222222222,0.6220472440944882,0.9076252723311548,0.6433719569229264,0.2586739294370796,0.08017034035965141,1150,125,67,158
random_forest,1500,0.15,0.36,0.874,0.7959477124183006,0.5661764705882353,0.6844444444444444,0.6197183098591549,0.9076252723311548,0.6433719569229264,0.2586739294370796,0.08017034035965141,1157,118,71,154
random_forest,1500,0.15,0.37,0.874,0.7922875816993464,0.5671641791044776,0.6755555555555556,0.6166328600405679,0.9076252723311548,0.6433719569229264,0.2586739294370796,0.08017034035965141,1159,116,73,152
random_forest,1500,0.15,0.38,0.8773333333333333,0.7905882352941176,0.5791505791505791,0.6666666666666666,0.6198347107438017,0.9076252723311548,0.6433719569229264,0.2586739294370796,0.08017034035965141,1166,109,75,150
random_forest,1500,0.15,0.39,0.8786666666666667,0.7858823529411765,0.5856573705179283,0.6533333333333333,0.6176470588235294,0.9076252723311548,0.6433719569229264,0.2586739294370796,0.08017034035965141,1171,104,78,147
random_forest,1500,0.15,0.4,0.8806666666666667,0.7815686274509803,0.5950413223140496,0.64,0.6167023554603854,0.9076252723311548,0.6433719569229264,0.2586739294370796,0.08017034035965141,1177,98,81,144
random_forest,1500,0.15,0.41000000000000003,0.8846666666666667,0.7820915032679738,0.6111111111111112,0.6355555555555555,0.6230936819172114,0.9076252723311548,0.6433719569229264,0.2586739294370796,0.08017034035965141,1184,91,82,143
random_forest,1500,0.15,0.42000000000000004,0.8826666666666667,0.7735947712418301,0.6069868995633187,0.6177777777777778,0.6123348017621145,0.9076252723311548,0.6433719569229264,0.2586739294370796,0.08017034035965141,1185,90,86,139
random_forest,1500,0.15,0.43000000000000005,0.8813333333333333,0.76,0.6082949308755761,0.5866666666666667,0.5972850678733032,0.9076252723311548,0.6433719569229264,0.2586739294370796,0.08017034035965141,1190,85,93,132
random_forest,1500,0.15,0.44000000000000006,0.8826666666666667,0.757124183006536,0.6161137440758294,0.5777777777777777,0.5963302752293578,0.9076252723311548,0.6433719569229264,0.2586739294370796,0.08017034035965141,1194,81,95,130
random_forest,1500,0.15,0.45000000000000007,0.8853333333333333,0.7568627450980392,0.6292682926829268,0.5733333333333334,0.6,0.9076252723311548,0.6433719569229264,0.2586739294370796,0.08017034035965141,1199,76,96,129
random_forest,1500,0.15,0.45999999999999996,0.886,0.7517647058823529,0.6363636363636364,0.56,0.5957446808510638,0.9076252723311548,0.6433719569229264,0.2586739294370796,0.08017034035965141,1203,72,99,126
random_forest,1500,0.15,0.47,0.8853333333333333,0.7403921568627452,0.6417112299465241,0.5333333333333333,0.5825242718446602,0.9076252723311548,0.6433719569229264,0.2586739294370796,0.08017034035965141,1208,67,105,120
random_forest,1500,0.15,0.48,0.884,0.7304575163398692,0.6424581005586593,0.5111111111111111,0.5693069306930693,0.9076252723311548,0.6433719569229264,0.2586739294370796,0.08017034035965141,1211,64,110,115
random_forest,1500,0.15,0.49,0.8873333333333333,0.7232679738562091,0.6707317073170732,0.4888888888888889,0.5655526992287918,0.9076252723311548,0.6433719569229264,0.2586739294370796,0.08017034035965141,1221,54,115,110
random_forest,1500,0.15,0.5,0.888,0.7145098039215687,0.6862745098039216,0.4666666666666667,0.5555555555555556,0.9076252723311548,0.6433719569229264,0.2586739294370796,0.08017034035965141,1227,48,120,105
random_forest,1500,0.15,0.51,0.8893333333333333,0.7116339869281045,0.7006802721088435,0.4577777777777778,0.553763440860215,0.9076252723311548,0.6433719569229264,0.2586739294370796,0.08017034035965141,1231,44,122,103
random_forest,1500,0.15,0.52,0.8893333333333333,0.7079738562091503,0.7062937062937062,0.4488888888888889,0.5489130434782609,0.9076252723311548,0.6433719569229264,0.2586739294370796,0.08017034035965141,1233,42,124,101
random_forest,1500,0.15,0.53,0.8866666666666667,0.6990849673202615,0.697841726618705,0.4311111111111111,0.532967032967033,0.9076252723311548,0.6433719569229264,0.2586739294370796,0.08017034035965141,1233,42,128,97
random_forest,1500,0.15,0.54,0.886,0.6913725490196079,0.7045454545454546,0.41333333333333333,0.5210084033613446,0.9076252723311548,0.6433719569229264,0.2586739294370796,0.08017034035965141,1236,39,132,93
random_forest,1500,0.15,0.55,0.884,0.681045751633987,0.704,0.39111111111111113,0.5028571428571429,0.9076252723311548,0.6433719569229264,0.2586739294370796,0.08017034035965141,1238,37,137,88
random_forest,1500,0.15,0.56,0.8826666666666667,0.6729411764705883,0.7058823529411765,0.37333333333333335,0.4883720930232558,0.9076252723311548,0.6433719569229264,0.2586739294370796,0.08017034035965141,1240,35,141,84
random_forest,1500,0.15,0.5700000000000001,0.8793333333333333,0.6563398692810457,0.7037037037037037,0.3377777777777778,0.45645645645645644,0.9076252723311548,0.6433719569229264,0.2586739294370796,0.08017034035965141,1243,32,149,76
random_forest,1500,0.15,0.58,0.8786666666666667,0.6504575163398693,0.7087378640776699,0.3244444444444444,0.4451219512195122,0.9076252723311548,0.6433719569229264,0.2586739294370796,0.08017034035965141,1245,30,152,73
random_forest,1500,0.15,0.59,0.8786666666666667,0.6486274509803922,0.7128712871287128,0.32,0.44171779141104295,0.9076252723311548,0.6433719569229264,0.2586739294370796,0.08017034035965141,1246,29,153,72
random_forest,1500,0.15,0.6,0.8806666666666667,0.6498039215686274,0.7346938775510204,0.32,0.4458204334365325,0.9076252723311548,0.6433719569229264,0.2586739294370796,0.08017034035965141,1249,26,153,72
random_forest,1500,0.15,0.61,0.8806666666666667,0.644313725490196,0.75,0.30666666666666664,0.4353312302839117,0.9076252723311548,0.6433719569229264,0.2586739294370796,0.08017034035965141,1252,23,156,69
random_forest,1500,0.15,0.62,0.8813333333333333,0.6428758169934641,0.7640449438202247,0.3022222222222222,0.43312101910828027,0.9076252723311548,0.6433719569229264,0.2586739294370796,0.08017034035965141,1254,21,157,68
random_forest,1500,0.15,0.63,0.88,0.6384313725490196,0.7586206896551724,0.29333333333333333,0.4230769230769231,0.9076252723311548,0.6433719569229264,0.2586739294370796,0.08017034035965141,1254,21,159,66
random_forest,1500,0.15,0.64,0.8733333333333333,0.6143790849673202,0.7333333333333333,0.24444444444444444,0.36666666666666664,0.9076252723311548,0.6433719569229264,0.2586739294370796,0.08017034035965141,1255,20,170,55
random_forest,1500,0.15,0.65,0.874,0.609281045751634,0.7647058823529411,0.2311111111111111,0.35494880546075086,0.9076252723311548,0.6433719569229264,0.2586739294370796,0.08017034035965141,1259,16,173,52
random_forest,1500,0.15,0.66,0.874,0.6056209150326797,0.78125,0.2222222222222222,0.3460207612456747,0.9076252723311548,0.6433719569229264,0.2586739294370796,0.08017034035965141,1261,14,175,50
random_forest,1500,0.15,0.67,0.872,0.5989542483660131,0.7704918032786885,0.2088888888888889,0.32867132867132864,0.9076252723311548,0.6433719569229264,0.2586739294370796,0.08017034035965141,1261,14,178,47
random_forest,1500,0.15,0.6799999999999999,0.8713333333333333,0.5949019607843137,0.7758620689655172,0.2,0.31802120141342755,0.9076252723311548,0.6433719569229264,0.2586739294370796,0.08017034035965141,1262,13,180,45
random_forest,1500,0.15,0.69,0.87,0.586797385620915,0.7884615384615384,0.18222222222222223,0.296028880866426,0.9076252723311548,0.6433719569229264,0.2586739294370796,0.08017034035965141,1264,11,184,41
random_forest,1500,0.15,0.7,0.8693333333333333,0.5809150326797385,0.8085106382978723,0.1688888888888889,0.27941176470588236,0.9076252723311548,0.6433719569229264,0.2586739294370796,0.08017034035965141,1266,9,187,38
random_forest,1500,0.15,0.71,0.868,0.574640522875817,0.813953488372093,0.15555555555555556,0.26119402985074625,0.9076252723311548,0.6433719569229264,0.2586739294370796,0.08017034035965141,1267,8,190,35
random_forest,1500,0.15,0.72,0.868,0.5691503267973856,0.8648648648648649,0.14222222222222222,0.24427480916030533,0.9076252723311548,0.6433719569229264,0.2586739294370796,0.08017034035965141,1270,5,193,32
random_forest,1500,0.15,0.73,0.8673333333333333,0.5669281045751634,0.8611111111111112,0.13777777777777778,0.23754789272030652,0.9076252723311548,0.6433719569229264,0.2586739294370796,0.08017034035965141,1270,5,194,31
random_forest,1500,0.15,0.74,0.866,0.5624836601307189,0.8529411764705882,0.1288888888888889,0.22393822393822393,0.9076252723311548,0.6433719569229264,0.2586739294370796,0.08017034035965141,1270,5,196,29
random_forest,1500,0.15,0.75,0.864,0.5558169934640523,0.8387096774193549,0.11555555555555555,0.203125,0.9076252723311548,0.6433719569229264,0.2586739294370796,0.08017034035965141,1270,5,199,26
random_forest,1500,0.15,0.76,0.8613333333333333,0.5469281045751634,0.8148148148148148,0.09777777777777778,0.1746031746031746,0.9076252723311548,0.6433719569229264,0.2586739294370796,0.08017034035965141,1270,5,203,22
random_forest,1500,0.15,0.77,0.8613333333333333,0.5432679738562092,0.8695652173913043,0.08888888888888889,0.16129032258064516,0.9076252723311548,0.6433719569229264,0.2586739294370796,0.08017034035965141,1272,3,205,20
random_forest,1500,0.15,0.78,0.8613333333333333,0.5432679738562092,0.8695652173913043,0.08888888888888889,0.16129032258064516,0.9076252723311548,0.6433719569229264,0.2586739294370796,0.08017034035965141,1272,3,205,20
random_forest,1500,0.15,0.79,0.8613333333333333,0.5432679738562092,0.8695652173913043,0.08888888888888889,0.16129032258064516,0.9076252723311548,0.6433719569229264,0.2586739294370796,0.08017034035965141,1272,3,205,20
random_forest,1500,0.15,0.8,0.8606666666666667,0.5410457516339869,0.8636363636363636,0.08444444444444445,0.15384615384615385,0.9076252723311548,0.6433719569229264,0.2586739294370796,0.08017034035965141,1272,3,206,19
random_forest,1500,0.15,0.8099999999999999,0.86,0.5388235294117647,0.8571428571428571,0.08,0.14634146341463414,0.9076252723311548,0.6433719569229264,0.2586739294370796,0.08017034035965141,1272,3,207,18
random_forest,1500,0.15,0.82,0.8593333333333333,0.5366013071895425,0.85,0.07555555555555556,0.13877551020408163,0.9076252723311548,0.6433719569229264,0.2586739294370796,0.08017034035965141,1272,3,208,17
random_forest,1500,0.15,0.83,0.8586666666666667,0.5325490196078432,0.8823529411764706,0.06666666666666667,0.12396694214876033,0.9076252723311548,0.6433719569229264,0.2586739294370796,0.08017034035965141,1273,2,210,15
random_forest,1500,0.15,0.84,0.8586666666666667,0.530718954248366,0.9333333333333333,0.06222222222222222,0.11666666666666667,0.9076252723311548,0.6433719569229264,0.2586739294370796,0.08017034035965141,1274,1,211,14
random_forest,1500,0.15,0.85,0.858,0.5284967320261438,0.9285714285714286,0.057777777777777775,0.1087866108786611,0.9076252723311548,0.6433719569229264,0.2586739294370796,0.08017034035965141,1274,1,212,13
random_forest,1500,0.15,0.86,0.8573333333333333,0.5244444444444445,1.0,0.04888888888888889,0.09322033898305085,0.9076252723311548,0.6433719569229264,0.2586739294370796,0.08017034035965141,1275,0,214,11
random_forest,1500,0.15,0.87,0.8566666666666667,0.5222222222222223,1.0,0.044444444444444446,0.0851063829787234,0.9076252723311548,0.6433719569229264,0.2586739294370796,0.08017034035965141,1275,0,215,10
random_forest,1500,0.15,0.88,0.8566666666666667,0.5222222222222223,1.0,0.044444444444444446,0.0851063829787234,0.9076252723311548,0.6433719569229264,0.2586739294370796,0.08017034035965141,1275,0,215,10
random_forest,1500,0.15,0.89,0.8553333333333333,0.5177777777777778,1.0,0.035555555555555556,0.06866952789699571,0.9076252723311548,0.6433719569229264,0.2586739294370796,0.08017034035965141,1275,0,217,8
random_forest,1500,0.15,0.9,0.8546666666666667,0.5155555555555555,1.0,0.03111111111111111,0.0603448275862069,0.9076252723311548,0.6433719569229264,0.2586739294370796,0.08017034035965141,1275,0,218,7
xgboost,1500,0.15,0.1,0.7446666666666667,0.8168627450980392,0.3618881118881119,0.92,0.5194479297365119,0.9122300653594771,0.670588562189534,0.28587836851943443,0.09093290373117018,910,365,18,207
xgboost,1500,0.15,0.11,0.7566666666666667,0.8220915032679739,0.37318840579710144,0.9155555555555556,0.5302445302445302,0.9122300653594771,0.670588562189534,0.28587836851943443,0.09093290373117018,929,346,19,206
xgboost,1500,0.15,0.12000000000000001,0.7586666666666667,0.8177777777777777,0.3738489871086556,0.9022222222222223,0.5286458333333334,0.9122300653594771,0.670588562189534,0.28587836851943443,0.09093290373117018,935,340,22,203
xgboost,1500,0.15,0.13,0.7633333333333333,0.8168627450980392,0.37781954887218044,0.8933333333333333,0.5310435931307794,0.9122300653594771,0.670588562189534,0.28587836851943443,0.09093290373117018,944,331,24,201
xgboost,1500,0.15,0.14,0.7666666666666667,0.8169934640522876,0.38095238095238093,0.8888888888888888,0.5333333333333333,0.9122300653594771,0.670588562189534,0.28587836851943443,0.09093290373117018,950,325,25,200
xgboost,1500,0.15,0.15000000000000002,0.7753333333333333,0.8202614379084967,0.39019607843137255,0.8844444444444445,0.5414965986394558,0.9122300653594771,0.670588562189534,0.28587836851943443,0.09093290373117018,964,311,26,199
xgboost,1500,0.15,0.16,0.782,0.8186928104575163,0.3967611336032389,0.8711111111111111,0.545201668984701,0.9122300653594771,0.670588562189534,0.28587836851943443,0.09093290373117018,977,298,29,196
xgboost,1500,0.15,0.17,0.7866666666666666,0.821437908496732,0.4024640657084189,0.8711111111111111,0.550561797752809,0.9122300653594771,0.670588562189534,0.28587836851943443,0.09093290373117018,984,291,29,196
xgboost,1500,0.15,0.18,0.7913333333333333,0.8223529411764706,0.40794979079497906,0.8666666666666667,0.5547652916073968,0.9122300653594771,0.670588562189534,0.28587836851943443,0.09093290373117018,992,283,30,195
xgboost,1500,0.15,0.19,0.7973333333333333,0.8258823529411765,0.4157782515991471,0.8666666666666667,0.5619596541786743,0.9122300653594771,0.670588562189534,0.28587836851943443,0.09093290373117018,1001,274,30,195
xgboost,1500,0.15,0.2,0.8046666666666666,0.8301960784313726,0.425764192139738,0.8666666666666667,0.5710102489019033,0.9122300653594771,0.670588562189534,0.28587836851943443,0.09093290373117018,1012,263,30,195
xgboost,1500,0.15,0.21000000000000002,0.8093333333333333,0.8329411764705883,0.43237250554323725,0.8666666666666667,0.5769230769230769,0.9122300653594771,0.670588562189534,0.28587836851943443,0.09093290373117018,1019,256,30,195
xgboost,1500,0.15,0.22,0.8126666666666666,0.8330718954248366,0.4369369369369369,0.8622222222222222,0.5799701046337817,0.9122300653594771,0.670588562189534,0.28587836851943443,0.09093290373117018,1025,250,31,194
xgboost,1500,0.15,0.23,0.818,0.8362091503267974,0.44495412844036697,0.8622222222222222,0.5869894099848714,0.9122300653594771,0.670588562189534,0.28587836851943443,0.09093290373117018,1033,242,31,194
xgboost,1500,0.15,0.24000000000000002,0.8193333333333334,0.8351633986928104,0.44675925925925924,0.8577777777777778,0.5875190258751902,0.9122300653594771,0.670588562189534,0.28587836851943443,0.09093290373117018,1036,239,32,193
xgboost,1500,0.15,0.25,0.8213333333333334,0.8326797385620915,0.44941176470588234,0.8488888888888889,0.5876923076923077,0.9122300653594771,0.670588562189534,0.28587836851943443,0.09093290373117018,1041,234,34,191
xgboost,1500,0.15,0.26,0.8246666666666667,0.8328104575163399,0.45454545454545453,0.8444444444444444,0.5909797822706065,0.9122300653594771,0.670588562189534,0.28587836851943443,0.09093290373117018,1047,228,35,190
xgboost,1500,0.15,0.27,0.828,0.8329411764705883,0.45985401459854014,0.84,0.5943396226415094,0.9122300653594771,0.670588562189534,0.28587836851943443,0.09093290373117018,1053,222,36,189
xgboost,1500,0.15,0.28,0.832,0.8334640522875818,0.4665012406947891,0.8355555555555556,0.5987261146496815,0.9122300653594771,0.670588562189534,0.28587836851943443,0.09093290373117018,1060,215,37,188
xgboost,1500,0.15,0.29000000000000004,0.8346666666666667,0.8313725490196078,0.4708860759493671,0.8266666666666667,0.6,0.9122300653594771,0.670588562189534,0.28587836851943443,0.09093290373117018,1066,209,39,186
xgboost,1500,0.15,0.30000000000000004,0.8373333333333334,0.829281045751634,0.4754521963824289,0.8177777777777778,0.6013071895424836,0.9122300653594771,0.670588562189534,0.28587836851943443,0.09093290373117018,1072,203,41,184
xgboost,1500,0.15,0.31,0.8393333333333334,0.8286274509803921,0.4790575916230366,0.8133333333333334,0.6029654036243822,0.9122300653594771,0.670588562189534,0.28587836851943443,0.09093290373117018,1076,199,42,183
xgboost,1500,0.15,0.32,0.8413333333333334,0.8261437908496732,0.4826666666666667,0.8044444444444444,0.6033333333333334,0.9122300653594771,0.670588562189534,0.28587836851943443,0.09093290373117018,1081,194,44,181
xgboost,1500,0.15,0.33,0.8433333333333334,0.8236601307189543,0.48641304347826086,0.7955555555555556,0.6037099494097807,0.9122300653594771,0.670588562189534,0.28587836851943443,0.09093290373117018,1086,189,46,179
xgboost,1500,0.15,0.33999999999999997,0.8453333333333334,0.8211764705882353,0.4903047091412742,0.7866666666666666,0.6040955631399317,0.9122300653594771,0.670588562189534,0.28587836851943443,0.09093290373117018,1091,184,48,177
xgboost,1500,0.15,0.35,0.8466666666666667,0.8219607843137255,0.49303621169916434,0.7866666666666666,0.6061643835616438,0.9122300653594771,0.670588562189534,0.28587836851943443,0.09093290373117018,1093,182,48,177
xgboost,1500,0.15,0.36,0.8506666666666667,0.824313725490196,0.5014164305949008,0.7866666666666666,0.6124567474048442,0.9122300653594771,0.670588562189534,0.28587836851943443,0.09093290373117018,1099,176,48,177
xgboost,1500,0.15,0.37,0.8506666666666667,0.822483660130719,0.5014245014245015,0.7822222222222223,0.6111111111111112,0.9122300653594771,0.670588562189534,0.28587836851943443,0.09093290373117018,1100,175,49,176
xgboost,1500,0.15,0.38,0.852,0.821437908496732,0.5043227665706052,0.7777777777777778,0.6118881118881119,0.9122300653594771,0.670588562189534,0.28587836851943443,0.09093290373117018,1103,172,50,175
xgboost,1500,0.15,0.39,0.854,0.818954248366013,0.5088235294117647,0.7688888888888888,0.6123893805309735,0.9122300653594771,0.670588562189534,0.28587836851943443,0.09093290373117018,1108,167,52,173
xgboost,1500,0.15,0.4,0.8533333333333334,0.8149019607843138,0.5074183976261127,0.76,0.608540925266904,0.9122300653594771,0.670588562189534,0.28587836851943443,0.09093290373117018,1109,166,54,171
xgboost,1500,0.15,0.41000000000000003,0.8533333333333334,0.8112418300653594,0.5075075075075075,0.7511111111111111,0.6057347670250897,0.9122300653594771,0.670588562189534,0.28587836851943443,0.09093290373117018,1111,164,56,169
xgboost,1500,0.15,0.42000000000000004,0.8566666666666667,0.8113725490196079,0.5153374233128835,0.7466666666666667,0.6098003629764065,0.9122300653594771,0.670588562189534,0.28587836851943443,0.09093290373117018,1117,158,57,168
xgboost,1500,0.15,0.43000000000000005,0.8593333333333333,0.8111111111111111,0.521875,0.7422222222222222,0.6128440366972477,0.9122300653594771,0.670588562189534,0.28587836851943443,0.09093290373117018,1122,153,58,167
xgboost,1500,0.15,0.44000000000000006,0.8573333333333333,0.8007843137254902,0.5175718849840255,0.72,0.6022304832713755,0.9122300653594771,0.670588562189534,0.28587836851943443,0.09093290373117018,1124,151,63,162
xgboost,1500,0.15,0.45000000000000007,0.8606666666666667,0.8027450980392157,0.525974025974026,0.72,0.6078799249530957,0.9122300653594771,0.670588562189534,0.28587836851943443,0.09093290373117018,1129,146,63,162
xgboost,1500,0.15,0.45999999999999996,0.864,0.8047058823529412,0.5346534653465347,0.72,0.6136363636363636,0.9122300653594771,0.670588562189534,0.28587836851943443,0.09093290373117018,1134,141,63,162
xgboost,1500,0.15,0.47,0.8653333333333333,0.8036601307189541,0.5384615384615384,0.7155555555555555,0.6145038167938931,0.9122300653594771,0.670588562189534,0.28587836851943443,0.09093290373117018,1137,138,64,161
xgboost,1500,0.15,0.48,0.8673333333333333,0.8030065359477124,0.54421768707483,0.7111111111111111,0.6165703275529865,0.9122300653594771,0.670588562189534,0.28587836851943443,0.09093290373117018,1141,134,65,160
xgboost,1500,0.15,0.49,0.8686666666666667,0.8019607843137255,0.5482758620689655,0.7066666666666667,0.6174757281553398,0.9122300653594771,0.670588562189534,0.28587836851943443,0.09093290373117018,1144,131,66,159
xgboost,1500,0.15,0.5,0.8706666666666667,0.8031372549019609,0.554006968641115,0.7066666666666667,0.62109375,0.9122300653594771,0.670588562189534,0.28587836851943443,0.09093290373117018,1147,128,66,159
xgboost,1500,0.15,0.51,0.874,0.8050980392156863,0.5638297872340425,0.7066666666666667,0.6272189349112426,0.9122300653594771,0.670588562189534,0.28587836851943443,0.09093290373117018,1152,123,66,159
xgboost,1500,0.15,0.52,0.8766666666666667,0.8048366013071895,0.572463768115942,0.7022222222222222,0.6307385229540918,0.9122300653594771,0.670588562189534,0.28587836851943443,0.09093290373117018,1157,118,67,158
xgboost,1500,0.15,0.53,0.8786666666666667,0.8023529411764706,0.5799256505576208,0.6933333333333334,0.631578947368421,0.9122300653594771,0.670588562189534,0.28587836851943443,0.09093290373117018,1162,113,69,156
xgboost,1500,0.15,0.54,0.88,0.8013071895424837,0.5849056603773585,0.6888888888888889,0.6326530612244898,0.9122300653594771,0.670588562189534,0.28587836851943443,0.09093290373117018,1165,110,70,155
xgboost,1500,0.15,0.55,0.8813333333333333,0.8002614379084967,0.5900383141762452,0.6844444444444444,0.6337448559670782,0.9122300653594771,0.670588562189534,0.28587836851943443,0.09093290373117018,1168,107,71,154
xgboost,1500,0.15,0.56,0.8813333333333333,0.7966013071895425,0.5914396887159533,0.6755555555555556,0.6307053941908713,0.9122300653594771,0.670588562189534,0.28587836851943443,0.09093290373117018,1170,105,73,152
xgboost,1500,0.15,0.5700000000000001,0.8813333333333333,0.7947712418300654,0.592156862745098,0.6711111111111111,0.6291666666666667,0.9122300653594771,0.670588562189534,0.28587836851943443,0.09093290373117018,1171,104,74,151
xgboost,1500,0.15,0.58,0.8833333333333333,0.7959477124183006,0.5992063492063492,0.6711111111111111,0.6331236897274634,0.9122300653594771,0.670588562189534,0.28587836851943443,0.09093290373117018,1174,101,74,151
xgboost,1500,0.15,0.59,0.8833333333333333,0.7941176470588235,0.6,0.6666666666666666,0.631578947368421,0.9122300653594771,0.670588562189534,0.28587836851943443,0.09093290373117018,1175,100,75,150
xgboost,1500,0.15,0.6,0.882,0.787843137254902,0.5975609756097561,0.6533333333333333,0.6242038216560509,0.9122300653594771,0.670588562189534,0.28587836851943443,0.09093290373117018,1176,99,78,147
xgboost,1500,0.15,0.61,0.8826666666666667,0.7809150326797385,0.6033755274261603,0.6355555555555555,0.6190476190476191,0.9122300653594771,0.670588562189534,0.28587836851943443,0.09093290373117018,1181,94,82,143
xgboost,1500,0.15,0.62,0.8846666666666667,0.7820915032679738,0.6111111111111112,0.6355555555555555,0.6230936819172114,0.9122300653594771,0.670588562189534,0.28587836851943443,0.09093290373117018,1184,91,82,143
xgboost,1500,0.15,0.63,0.886,0.7810457516339869,0.6173913043478261,0.6311111111111111,0.6241758241758242,0.9122300653594771,0.670588562189534,0.28587836851943443,0.09093290373117018,1187,88,83,142
xgboost,1500,0.15,0.64,0.8853333333333333,0.7769934640522875,0.6167400881057269,0.6222222222222222,0.6194690265486725,0.9122300653594771,0.670588562189534,0.28587836851943443,0.09093290373117018,1188,87,85,140
xgboost,1500,0.15,0.65,0.886,0.7773856209150327,0.6194690265486725,0.6222222222222222,0.6208425720620843,0.9122300653594771,0.670588562189534,0.28587836851943443,0.09093290373117018,1189,86,85,140
xgboost,1500,0.15,0.66,0.8873333333333333,0.7745098039215685,0.6272727272727273,0.6133333333333333,0.6202247191011236,0.9122300653594771,0.670588562189534,0.28587836851943443,0.09093290373117018,1193,82,87,138
xgboost,1500,0.15,0.67,0.8866666666666667,0.7704575163398693,0.6267281105990783,0.6044444444444445,0.6153846153846154,0.9122300653594771,0.670588562189534,0.28587836851943443,0.09093290373117018,1194,81,89,136
xgboost,1500,0.15,0.6799999999999999,0.8873333333333333,0.7671895424836601,0.6320754716981132,0.5955555555555555,0.6132723112128147,0.9122300653594771,0.670588562189534,0.28587836851943443,0.09093290373117018,1197,78,91,134
xgboost,1500,0.15,0.69,0.888,0.7620915032679738,0.6390243902439025,0.5822222222222222,0.6093023255813953,0.9122300653594771,0.670588562189534,0.28587836851943443,0.09093290373117018,1201,74,94,131
xgboost,1500,0.15,0.7,0.8886666666666667,0.7588235294117647,0.645,0.5733333333333334,0.6070588235294118,0.9122300653594771,0.670588562189534,0.28587836851943443,0.09093290373117018,1204,71,96,129
xgboost,1500,0.15,0.71,0.892,0.758954248366013,0.6632124352331606,0.5688888888888889,0.6124401913875598,0.9122300653594771,0.670588562189534,0.28587836851943443,0.09093290373117018,1210,65,97,128
xgboost,1500,0.15,0.72,0.89,0.7486274509803921,0.6612903225806451,0.5466666666666666,0.5985401459854015,0.9122300653594771,0.670588562189534,0.28587836851943443,0.09093290373117018,1212,63,102,123
xgboost,1500,0.15,0.73,0.89,0.744967320261438,0.6648351648351648,0.5377777777777778,0.5945945945945946,0.9122300653594771,0.670588562189534,0.28587836851943443,0.09093290373117018,1214,61,104,121
xgboost,1500,0.15,0.74,0.8906666666666667,0.7435294117647059,0.6703910614525139,0.5333333333333333,0.594059405940594,0.9122300653594771,0.670588562189534,0.28587836851943443,0.09093290373117018,1216,59,105,120
xgboost,1500,0.15,0.75,0.89,0.7413071895424836,0.6685393258426966,0.5288888888888889,0.5905707196029777,0.9122300653594771,0.670588562189534,0.28587836851943443,0.09093290373117018,1216,59,106,119
xgboost,1500,0.15,0.76,0.888,0.7328104575163399,0.6647398843930635,0.5111111111111111,0.5778894472361809,0.9122300653594771,0.670588562189534,0.28587836851943443,0.09093290373117018,1217,58,110,115
xgboost,1500,0.15,0.77,0.8866666666666667,0.7265359477124183,0.6627218934911243,0.49777777777777776,0.5685279187817259,0.9122300653594771,0.670588562189534,0.28587836851943443,0.09093290373117018,1218,57,113,112
xgboost,1500,0.15,0.78,0.8866666666666667,0.722875816993464,0.6666666666666666,0.4888888888888889,0.5641025641025641,0.9122300653594771,0.670588562189534,0.28587836851943443,0.09093290373117018,1220,55,115,110
xgboost,1500,0.15,0.79,0.8906666666666667,0.7252287581699346,0.6918238993710691,0.4888888888888889,0.5729166666666666,0.9122300653594771,0.670588562189534,0.28587836851943443,0.09093290373117018,1226,49,115,110
xgboost,1500,0.15,0.8,0.892,0.7241830065359477,0.7032258064516129,0.48444444444444446,0.5736842105263158,0.9122300653594771,0.670588562189534,0.28587836851943443,0.09093290373117018,1229,46,116,109
xgboost,1500,0.15,0.8099999999999999,0.8933333333333333,0.7176470588235294,0.7241379310344828,0.4666666666666667,0.5675675675675675,0.9122300653594771,0.670588562189534,0.28587836851943443,0.09093290373117018,1235,40,120,105
xgboost,1500,0.15,0.82,0.892,0.7113725490196078,0.723404255319149,0.4533333333333333,0.5573770491803278,0.9122300653594771,0.670588562189534,0.28587836851943443,0.09093290373117018,1236,39,123,102
xgboost,1500,0.15,0.83,0.8893333333333333,0.7006535947712418,0.7185185185185186,0.4311111111111111,0.5388888888888889,0.9122300653594771,0.670588562189534,0.28587836851943443,0.09093290373117018,1237,38,128,97
xgboost,1500,0.15,0.84,0.8886666666666667,0.6929411764705882,0.7265625,0.41333333333333333,0.5269121813031161,0.9122300653594771,0.670588562189534,0.28587836851943443,0.09093290373117018,1240,35,132,93
xgboost,1500,0.15,0.85,0.8866666666666667,0.6826143790849674,0.7272727272727273,0.39111111111111113,0.5086705202312138,0.9122300653594771,0.670588562189534,0.28587836851943443,0.09093290373117018,1242,33,137,88
xgboost,1500,0.15,0.86,0.8873333333333333,0.6793464052287581,0.7413793103448276,0.38222222222222224,0.5043988269794721,0.9122300653594771,0.670588562189534,0.28587836851943443,0.09093290373117018,1245,30,139,86
xgboost,1500,0.15,0.87,0.8873333333333333,0.6738562091503268,0.7545454545454545,0.3688888888888889,0.4955223880597015,0.9122300653594771,0.670588562189534,0.28587836851943443,0.09093290373117018,1248,27,142,83
xgboost,1500,0.15,0.88,0.8913333333333333,0.6762091503267974,0.7980769230769231,0.3688888888888889,0.5045592705167173,0.9122300653594771,0.670588562189534,0.28587836851943443,0.09093290373117018,1254,21,142,83
xgboost,1500,0.15,0.89,0.888,0.6596078431372548,0.8064516129032258,0.3333333333333333,0.4716981132075472,0.9122300653594771,0.670588562189534,0.28587836851943443,0.09093290373117018,1257,18,150,75
xgboost,1500,0.15,0.9,0.884,0.6444444444444445,0.8,0.3022222222222222,0.43870967741935485,0.9122300653594771,0.670588562189534,0.28587836851943443,0.09093290373117018,1258,17,157,68
soft_voting,1500,0.15,0.1,0.6493333333333333,0.7809150326797385,0.29579375848032563,0.9688888888888889,0.45322245322245325,0.9134605664488018,0.6732002922742858,0.28163306080034956,0.08888572730773349,756,519,7,218
soft_voting,1500,0.15,0.11,0.666,0.7888888888888889,0.3056338028169014,0.9644444444444444,0.4641711229946524,0.9134605664488018,0.6732002922742858,0.28163306080034956,0.08888572730773349,782,493,8,217
soft_voting,1500,0.15,0.12000000000000001,0.6766666666666666,0.7933333333333333,0.31213872832369943,0.96,0.47110141766630315,0.9134605664488018,0.6732002922742858,0.28163306080034956,0.08888572730773349,799,476,9,216
soft_voting,1500,0.15,0.13,0.6873333333333334,0.7959477124183006,0.31845238095238093,0.9511111111111111,0.47714604236343366,0.9134605664488018,0.6732002922742858,0.28163306080034956,0.08888572730773349,817,458,11,214
soft_voting,1500,0.15,0.14,0.6946666666666667,0.7947712418300654,0.32213740458015266,0.9377777777777778,0.47954545454545455,0.9134605664488018,0.6732002922742858,0.28163306080034956,0.08888572730773349,831,444,14,211
soft_voting,1500,0.15,0.15000000000000002,0.7026666666666667,0.7958169934640522,0.3270735524256651,0.9288888888888889,0.4837962962962963,0.9134605664488018,0.6732002922742858,0.28163306080034956,0.08888572730773349,845,430,16,209
soft_voting,1500,0.15,0.16,0.7146666666666667,0.802875816993464,0.3365539452495974,0.9288888888888889,0.4940898345153664,0.9134605664488018,0.6732002922742858,0.28163306080034956,0.08888572730773349,863,412,16,209
soft_voting,1500,0.15,0.17,0.7246666666666667,0.8069281045751634,0.3443708609271523,0.9244444444444444,0.5018094089264173,0.9134605664488018,0.6732002922742858,0.28163306080034956,0.08888572730773349,879,396,17,208
soft_voting,1500,0.15,0.18,0.7313333333333333,0.8071895424836601,0.34915254237288135,0.9155555555555556,0.505521472392638,0.9134605664488018,0.6732002922742858,0.28163306080034956,0.08888572730773349,891,384,19,206
soft_voting,1500,0.15,0.19,0.7426666666666667,0.8120261437908496,0.35901926444833626,0.9111111111111111,0.5150753768844221,0.9134605664488018,0.6732002922742858,0.28163306080034956,0.08888572730773349,909,366,20,205
soft_voting,1500,0.15,0.2,0.7486666666666667,0.8118954248366013,0.36379928315412186,0.9022222222222223,0.5185185185185185,0.9134605664488018,0.6732002922742858,0.28163306080034956,0.08888572730773349,920,355,22,203
soft_voting,1500,0.15,0.21000000000000002,0.7566666666666667,0.8166013071895425,0.3717948717948718,0.9022222222222223,0.5265888456549935,0.9134605664488018,0.6732002922742858,0.28163306080034956,0.08888572730773349,932,343,22,203
soft_voting,1500,0.15,0.22,0.7633333333333333,0.8150326797385621,0.37735849056603776,0.8888888888888888,0.5298013245033113,0.9134605664488018,0.6732002922742858,0.28163306080034956,0.08888572730773349,945,330,25,200
soft_voting,1500,0.15,0.23,0.7706666666666667,0.8175163398692811,0.3849129593810445,0.8844444444444445,0.5363881401617251,0.9134605664488018,0.6732002922742858,0.28163306080034956,0.08888572730773349,957,318,26,199
soft_voting,1500,0.15,0.24000000000000002,0.78,0.8211764705882353,0.39520958083832336,0.88,0.5454545454545454,0.9134605664488018,0.6732002922742858,0.28163306080034956,0.08888572730773349,972,303,27,198
soft_voting,1500,0.15,0.25,0.7886666666666666,0.8262745098039216,0.4057377049180328,0.88,0.5553997194950911,0.9134605664488018,0.6732002922742858,0.28163306080034956,0.08888572730773349,985,290,27,198
soft_voting,1500,0.15,0.26,0.796,0.8305882352941176,0.41509433962264153,0.88,0.5641025641025641,0.9134605664488018,0.6732002922742858,0.28163306080034956,0.08888572730773349,996,279,27,198
soft_voting,1500,0.15,0.27,0.8033333333333333,0.8349019607843138,0.4248927038626609,0.88,0.573082489146165,0.9134605664488018,0.6732002922742858,0.28163306080034956,0.08888572730773349,1007,268,27,198
soft_voting,1500,0.15,0.28,0.8066666666666666,0.8368627450980393,0.42950108459869846,0.88,0.577259475218659,0.9134605664488018,0.6732002922742858,0.28163306080034956,0.08888572730773349,1012,263,27,198
soft_voting,1500,0.15,0.29000000000000004,0.8126666666666666,0.840392156862745,0.43805309734513276,0.88,0.5849335302806499,0.9134605664488018,0.6732002922742858,0.28163306080034956,0.08888572730773349,1021,254,27,198
soft_voting,1500,0.15,0.30000000000000004,0.818,0.8398692810457515,0.44545454545454544,0.8711111111111111,0.5894736842105263,0.9134605664488018,0.6732002922742858,0.28163306080034956,0.08888572730773349,1031,244,29,196
soft_voting,1500,0.15,0.31,0.82,0.8410457516339869,0.448512585812357,0.8711111111111111,0.5921450151057401,0.9134605664488018,0.6732002922742858,0.28163306080034956,0.08888572730773349,1034,241,29,196
soft_voting,1500,0.15,0.32,0.8246666666666667,0.8401307189542484,0.45539906103286387,0.8622222222222222,0.5960061443932412,0.9134605664488018,0.6732002922742858,0.28163306080034956,0.08888572730773349,1043,232,31,194
soft_voting,1500,0.15,0.33,0.828,0.8402614379084967,0.4606205250596659,0.8577777777777778,0.5993788819875776,0.9134605664488018,0.6732002922742858,0.28163306080034956,0.08888572730773349,1049,226,32,193
soft_voting,1500,0.15,0.33999999999999997,0.8333333333333334,0.8415686274509804,0.46943765281173594,0.8533333333333334,0.6056782334384858,0.9134605664488018,0.6732002922742858,0.28163306080034956,0.08888572730773349,1058,217,33,192
soft_voting,1500,0.15,0.35,0.836,0.8413071895424837,0.4739454094292804,0.8488888888888889,0.60828025477707,0.9134605664488018,0.6732002922742858,0.28163306080034956,0.08888572730773349,1063,212,34,191
soft_voting,1500,0.15,0.36,0.84,0.8418300653594771,0.4810126582278481,0.8444444444444444,0.6129032258064516,0.9134605664488018,0.6732002922742858,0.28163306080034956,0.08888572730773349,1070,205,35,190
soft_voting,1500,0.15,0.37,0.8433333333333334,0.8383006535947712,0.4869791666666667,0.8311111111111111,0.6141215106732348,0.9134605664488018,0.6732002922742858,0.28163306080034956,0.08888572730773349,1078,197,38,187
soft_voting,1500,0.15,0.38,0.8473333333333334,0.8369934640522876,0.4946524064171123,0.8222222222222222,0.6176961602671118,0.9134605664488018,0.6732002922742858,0.28163306080034956,0.08888572730773349,1086,189,40,185
soft_voting,1500,0.15,0.39,0.8506666666666667,0.8352941176470589,0.5013698630136987,0.8133333333333334,0.6203389830508474,0.9134605664488018,0.6732002922742858,0.28163306080034956,0.08888572730773349,1093,182,42,183
soft_voting,1500,0.15,0.4,0.8526666666666667,0.8328104575163399,0.505586592178771,0.8044444444444444,0.6209262435677531,0.9134605664488018,0.6732002922742858,0.28163306080034956,0.08888572730773349,1098,177,44,181
soft_voting,1500,0.15,0.41000000000000003,0.8533333333333334,0.8295424836601307,0.5070821529745042,0.7955555555555556,0.6193771626297578,0.9134605664488018,0.6732002922742858,0.28163306080034956,0.08888572730773349,1101,174,46,179
soft_voting,1500,0.15,0.42000000000000004,0.8553333333333333,0.8288888888888889,0.5114942528735632,0.7911111111111111,0.6212914485165794,0.9134605664488018,0.6732002922742858,0.28163306080034956,0.08888572730773349,1105,170,47,178
soft_voting,1500,0.15,0.43000000000000005,0.8546666666666667,0.8175163398692811,0.5103857566765578,0.7644444444444445,0.6120996441281139,0.9134605664488018,0.6732002922742858,0.28163306080034956,0.08888572730773349,1110,165,53,172
soft_voting,1500,0.15,0.44000000000000006,0.856,0.8164705882352941,0.5135135135135135,0.76,0.6129032258064516,0.9134605664488018,0.6732002922742858,0.28163306080034956,0.08888572730773349,1113,162,54,171
soft_voting,1500,0.15,0.45000000000000007,0.86,0.8188235294117647,0.5229357798165137,0.76,0.6195652173913043,0.9134605664488018,0.6732002922742858,0.28163306080034956,0.08888572730773349,1119,156,54,171
soft_voting,1500,0.15,0.45999999999999996,0.8626666666666667,0.818562091503268,0.5295950155763239,0.7555555555555555,0.6227106227106227,0.9134605664488018,0.6732002922742858,0.28163306080034956,0.08888572730773349,1124,151,55,170
soft_voting,1500,0.15,0.47,0.862,0.8090196078431373,0.5288461538461539,0.7333333333333333,0.6145251396648045,0.9134605664488018,0.6732002922742858,0.28163306080034956,0.08888572730773349,1128,147,60,165
soft_voting,1500,0.15,0.48,0.8633333333333333,0.8061437908496731,0.5326797385620915,0.7244444444444444,0.6139359698681732,0.9134605664488018,0.6732002922742858,0.28163306080034956,0.08888572730773349,1132,143,62,163
soft_voting,1500,0.15,0.49,0.866,0.8058823529411765,0.54,0.72,0.6171428571428571,0.9134605664488018,0.6732002922742858,0.28163306080034956,0.08888572730773349,1137,138,63,162
soft_voting,1500,0.15,0.5,0.8686666666666667,0.8056209150326796,0.5476190476190477,0.7155555555555555,0.6204238921001927,0.9134605664488018,0.6732002922742858,0.28163306080034956,0.08888572730773349,1142,133,64,161
soft_voting,1500,0.15,0.51,0.8686666666666667,0.8001307189542484,0.5486111111111112,0.7022222222222222,0.6159844054580896,0.9134605664488018,0.6732002922742858,0.28163306080034956,0.08888572730773349,1145,130,67,158
soft_voting,1500,0.15,0.52,0.872,0.8002614379084967,0.5587188612099644,0.6977777777777778,0.6205533596837944,0.9134605664488018,0.6732002922742858,0.28163306080034956,0.08888572730773349,1151,124,68,157
soft_voting,1500,0.15,0.53,0.8753333333333333,0.8022222222222222,0.5688405797101449,0.6977777777777778,0.626746506986028,0.9134605664488018,0.6732002922742858,0.28163306080034956,0.08888572730773349,1156,119,68,157
soft_voting,1500,0.15,0.54,0.8746666666666667,0.7945098039215687,0.5687732342007435,0.68,0.6194331983805668,0.9134605664488018,0.6732002922742858,0.28163306080034956,0.08888572730773349,1159,116,72,153
soft_voting,1500,0.15,0.55,0.8806666666666667,0.7943790849673202,0.58984375,0.6711111111111111,0.6278586278586279,0.9134605664488018,0.6732002922742858,0.28163306080034956,0.08888572730773349,1170,105,74,151
soft_voting,1500,0.15,0.56,0.8826666666666667,0.7918954248366012,0.5983935742971888,0.6622222222222223,0.6286919831223629,0.9134605664488018,0.6732002922742858,0.28163306080034956,0.08888572730773349,1175,100,76,149
soft_voting,1500,0.15,0.5700000000000001,0.884,0.7890196078431373,0.6049382716049383,0.6533333333333333,0.6282051282051282,0.9134605664488018,0.6732002922742858,0.28163306080034956,0.08888572730773349,1179,96,78,147
soft_voting,1500,0.15,0.58,0.8866666666666667,0.7869281045751635,0.6170212765957447,0.6444444444444445,0.6304347826086957,0.9134605664488018,0.6732002922742858,0.28163306080034956,0.08888572730773349,1185,90,80,145
soft_voting,1500,0.15,0.59,0.8886666666666667,0.7844444444444445,0.6271929824561403,0.6355555555555555,0.6313465783664459,0.9134605664488018,0.6732002922742858,0.28163306080034956,0.08888572730773349,1190,85,82,143
soft_voting,1500,0.15,0.6,0.8873333333333333,0.7781699346405229,0.625,0.6222222222222222,0.623608017817372,0.9134605664488018,0.6732002922742858,0.28163306080034956,0.08888572730773349,1191,84,85,140
soft_voting,1500,0.15,0.61,0.8886666666666667,0.7752941176470588,0.6330275229357798,0.6133333333333333,0.6230248306997742,0.9134605664488018,0.6732002922742858,0.28163306080034956,0.08888572730773349,1195,80,87,138
soft_voting,1500,0.15,0.62,0.8853333333333333,0.7623529411764706,0.6255924170616114,0.5866666666666667,0.6055045871559633,0.9134605664488018,0.6732002922742858,0.28163306080034956,0.08888572730773349,1196,79,93,132
soft_voting,1500,0.15,0.63,0.888,0.7620915032679738,0.6390243902439025,0.5822222222222222,0.6093023255813953,0.9134605664488018,0.6732002922742858,0.28163306080034956,0.08888572730773349,1201,74,94,131
soft_voting,1500,0.15,0.64,0.8873333333333333,0.7543790849673202,0.6414141414141414,0.5644444444444444,0.6004728132387707,0.9134605664488018,0.6732002922742858,0.28163306080034956,0.08888572730773349,1204,71,98,127
soft_voting,1500,0.15,0.65,0.8866666666666667,0.7484967320261438,0.6424870466321243,0.5511111111111111,0.5933014354066986,0.9134605664488018,0.6732002922742858,0.28163306080034956,0.08888572730773349,1206,69,101,124
soft_voting,1500,0.15,0.66,0.8873333333333333,0.7452287581699346,0.648936170212766,0.5422222222222223,0.5907990314769975,0.9134605664488018,0.6732002922742858,0.28163306080034956,0.08888572730773349,1209,66,103,122
soft_voting,1500,0.15,0.67,0.888,0.7383006535947713,0.659217877094972,0.5244444444444445,0.5841584158415841,0.9134605664488018,0.6732002922742858,0.28163306080034956,0.08888572730773349,1214,61,107,118
soft_voting,1500,0.15,0.6799999999999999,0.8913333333333333,0.7366013071895425,0.6823529411764706,0.5155555555555555,0.5873417721518988,0.9134605664488018,0.6732002922742858,0.28163306080034956,0.08888572730773349,1221,54,109,116
soft_voting,1500,0.15,0.69,0.892,0.7333333333333334,0.6909090909090909,0.5066666666666667,0.5846153846153846,0.9134605664488018,0.6732002922742858,0.28163306080034956,0.08888572730773349,1224,51,111,114
soft_voting,1500,0.15,0.7,0.8906666666666667,0.7215686274509804,0.6967741935483871,0.48,0.5684210526315789,0.9134605664488018,0.6732002922742858,0.28163306080034956,0.08888572730773349,1228,47,117,108
soft_voting,1500,0.15,0.71,0.8926666666666667,0.7190849673202614,0.7162162162162162,0.4711111111111111,0.5683646112600537,0.9134605664488018,0.6732002922742858,0.28163306080034956,0.08888572730773349,1233,42,119,106
soft_voting,1500,0.15,0.72,0.892,0.7113725490196078,0.723404255319149,0.4533333333333333,0.5573770491803278,0.9134605664488018,0.6732002922742858,0.28163306080034956,0.08888572730773349,1236,39,123,102
soft_voting,1500,0.15,0.73,0.892,0.7095424836601307,0.7266187050359713,0.4488888888888889,0.554945054945055,0.9134605664488018,0.6732002922742858,0.28163306080034956,0.08888572730773349,1237,38,124,101
soft_voting,1500,0.15,0.74,0.8946666666666667,0.709281045751634,0.7518796992481203,0.4444444444444444,0.5586592178770949,0.9134605664488018,0.6732002922742858,0.28163306080034956,0.08888572730773349,1242,33,125,100
soft_voting,1500,0.15,0.75,0.8933333333333333,0.6993464052287581,0.76,0.4222222222222222,0.5428571428571428,0.9134605664488018,0.6732002922742858,0.28163306080034956,0.08888572730773349,1245,30,130,95
soft_voting,1500,0.15,0.76,0.8893333333333333,0.6823529411764706,0.7565217391304347,0.38666666666666666,0.5117647058823529,0.9134605664488018,0.6732002922742858,0.28163306080034956,0.08888572730773349,1247,28,138,87
soft_voting,1500,0.15,0.77,0.8873333333333333,0.6720261437908497,0.7592592592592593,0.36444444444444446,0.4924924924924925,0.9134605664488018,0.6732002922742858,0.28163306080034956,0.08888572730773349,1249,26,143,82
soft_voting,1500,0.15,0.78,0.888,0.6687581699346405,0.7766990291262136,0.35555555555555557,0.4878048780487805,0.9134605664488018,0.6732002922742858,0.28163306080034956,0.08888572730773349,1252,23,145,80
soft_voting,1500,0.15,0.79,0.886,0.6584313725490196,0.78125,0.3333333333333333,0.4672897196261682,0.9134605664488018,0.6732002922742858,0.28163306080034956,0.08888572730773349,1254,21,150,75
soft_voting,1500,0.15,0.8,0.8846666666666667,0.6466666666666667,0.8023255813953488,0.30666666666666664,0.4437299035369775,0.9134605664488018,0.6732002922742858,0.28163306080034956,0.08888572730773349,1258,17,156,69
soft_voting,1500,0.15,0.8099999999999999,0.882,0.6322875816993464,0.8157894736842105,0.27555555555555555,0.4119601328903654,0.9134605664488018,0.6732002922742858,0.28163306080034956,0.08888572730773349,1261,14,163,62
soft_voting,1500,0.15,0.82,0.8813333333333333,0.62640522875817,0.8309859154929577,0.26222222222222225,0.39864864864864863,0.9134605664488018,0.6732002922742858,0.28163306080034956,0.08888572730773349,1263,12,166,59
soft_voting,1500,0.15,0.83,0.8806666666666667,0.6186928104575163,0.859375,0.24444444444444444,0.3806228373702422,0.9134605664488018,0.6732002922742858,0.28163306080034956,0.08888572730773349,1266,9,170,55
soft_voting,1500,0.15,0.84,0.878,0.6079738562091503,0.8620689655172413,0.2222222222222222,0.35335689045936397,0.9134605664488018,0.6732002922742858,0.28163306080034956,0.08888572730773349,1267,8,175,50
soft_voting,1500,0.15,0.85,0.8746666666666667,0.5913725490196079,0.8936170212765957,0.18666666666666668,0.3088235294117647,0.9134605664488018,0.6732002922742858,0.28163306080034956,0.08888572730773349,1270,5,183,42
soft_voting,1500,0.15,0.86,0.8706666666666667,0.5762091503267974,0.8974358974358975,0.15555555555555556,0.26515151515151514,0.9134605664488018,0.6732002922742858,0.28163306080034956,0.08888572730773349,1271,4,190,35
soft_voting,1500,0.15,0.87,0.8666666666666667,0.562875816993464,0.8787878787878788,0.1288888888888889,0.2248062015503876,0.9134605664488018,0.6732002922742858,0.28163306080034956,0.08888572730773349,1271,4,196,29
soft_voting,1500,0.15,0.88,0.8653333333333333,0.5566013071895425,0.896551724137931,0.11555555555555555,0.2047244094488189,0.9134605664488018,0.6732002922742858,0.28163306080034956,0.08888572730773349,1272,3,199,26
soft_voting,1500,0.15,0.89,0.8626666666666667,0.5477124183006536,0.88,0.09777777777777778,0.176,0.9134605664488018,0.6732002922742858,0.28163306080034956,0.08888572730773349,1272,3,203,22
soft_voting,1500,0.15,0.9,0.862,0.5454901960784314,0.875,0.09333333333333334,0.1686746987951807,0.9134605664488018,0.6732002922742858,0.28163306080034956,0.08888572730773349,1272,3,204,21
